sample_id,condition,transcript_id,isoform,biotype,TPM,total_klrk1,proportion
pMIG_Cl13_Prog_1,pMIG_Cl13_Progenitor,ENSMUST00000032252,Klrk1-201,protein_coding,53.508377,141.603011,37.78759831597084
pMIG_Cl13_Prog_1,pMIG_Cl13_Progenitor,ENSMUST00000095412,Klrk1-202,protein_coding,35.115577,141.603011,24.79860897873139
pMIG_Cl13_Prog_1,pMIG_Cl13_Progenitor,ENSMUST00000168919,Klrk1-205,protein_coding,36.819699,141.603011,26.002059377113103
pMIG_Cl13_Prog_1,pMIG_Cl13_Progenitor,ENSMUST00000137660,Klrk1-203,retained_intron,1.786311,141.603011,1.2614922432687536
pMIG_Cl13_Prog_1,pMIG_Cl13_Progenitor,ENSMUST00000152256,Klrk1-204,retained_intron,11.171755,141.603011,7.889489722785625
pMIG_Cl13_Prog_1,pMIG_Cl13_Progenitor,ENSMUST00000204694,Klrk1-206,retained_intron,3.201292,141.603011,2.260751362130287
pMIG_Cl13_Prog_2,pMIG_Cl13_Progenitor,ENSMUST00000032252,Klrk1-201,protein_coding,44.52367,140.312157,31.73186910668047
pMIG_Cl13_Prog_2,pMIG_Cl13_Progenitor,ENSMUST00000095412,Klrk1-202,protein_coding,40.838977,140.312157,29.10580086086197
pMIG_Cl13_Prog_2,pMIG_Cl13_Progenitor,ENSMUST00000168919,Klrk1-205,protein_coding,30.869104,140.312157,22.000306074690304
pMIG_Cl13_Prog_2,pMIG_Cl13_Progenitor,ENSMUST00000137660,Klrk1-203,retained_intron,13.964234,140.312157,9.952262368826672
pMIG_Cl13_Prog_2,pMIG_Cl13_Progenitor,ENSMUST00000152256,Klrk1-204,retained_intron,6.844068,140.312157,4.87774412875714
pMIG_Cl13_Prog_2,pMIG_Cl13_Progenitor,ENSMUST00000204694,Klrk1-206,retained_intron,3.272104,140.312157,2.3320174601834394
pMIG_Cl13_Prog_3,pMIG_Cl13_Progenitor,ENSMUST00000032252,Klrk1-201,protein_coding,46.606272,151.110926,30.842423664321927
pMIG_Cl13_Prog_3,pMIG_Cl13_Progenitor,ENSMUST00000095412,Klrk1-202,protein_coding,31.706199,151.110926,20.98206915891707
pMIG_Cl13_Prog_3,pMIG_Cl13_Progenitor,ENSMUST00000168919,Klrk1-205,protein_coding,40.490624,151.110926,26.79529870659385
pMIG_Cl13_Prog_3,pMIG_Cl13_Progenitor,ENSMUST00000137660,Klrk1-203,retained_intron,17.051737,151.110926,11.284251543796376
pMIG_Cl13_Prog_3,pMIG_Cl13_Progenitor,ENSMUST00000152256,Klrk1-204,retained_intron,12.165012,151.110926,8.05038544995747
pMIG_Cl13_Prog_3,pMIG_Cl13_Progenitor,ENSMUST00000204694,Klrk1-206,retained_intron,3.091082,151.110926,2.0455714764132935
pMIG_Cl13_TermEx_1,pMIG_Cl13_TermExhausted,ENSMUST00000032252,Klrk1-201,protein_coding,78.549384,220.618966,35.60409398347012
pMIG_Cl13_TermEx_1,pMIG_Cl13_TermExhausted,ENSMUST00000095412,Klrk1-202,protein_coding,42.104595,220.618966,19.08475765406316
pMIG_Cl13_TermEx_1,pMIG_Cl13_TermExhausted,ENSMUST00000168919,Klrk1-205,protein_coding,60.227144,220.618966,27.299168830299024
pMIG_Cl13_TermEx_1,pMIG_Cl13_TermExhausted,ENSMUST00000137660,Klrk1-203,retained_intron,11.331586,220.618966,5.1362701065329075
pMIG_Cl13_TermEx_1,pMIG_Cl13_TermExhausted,ENSMUST00000152256,Klrk1-204,retained_intron,22.942707,220.618966,10.399245094821087
pMIG_Cl13_TermEx_1,pMIG_Cl13_TermExhausted,ENSMUST00000204694,Klrk1-206,retained_intron,5.46355,220.618966,2.476464330813698
pMIG_Cl13_TermEx_2,pMIG_Cl13_TermExhausted,ENSMUST00000032252,Klrk1-201,protein_coding,65.054156,200.11912700000002,32.50771526701693
pMIG_Cl13_TermEx_2,pMIG_Cl13_TermExhausted,ENSMUST00000095412,Klrk1-202,protein_coding,59.532329,200.11912700000002,29.74844528479279
pMIG_Cl13_TermEx_2,pMIG_Cl13_TermExhausted,ENSMUST00000168919,Klrk1-205,protein_coding,46.650353,200.11912700000002,23.311291478899964
pMIG_Cl13_TermEx_2,pMIG_Cl13_TermExhausted,ENSMUST00000137660,Klrk1-203,retained_intron,7.494295,200.11912700000002,3.744916896424398
pMIG_Cl13_TermEx_2,pMIG_Cl13_TermExhausted,ENSMUST00000152256,Klrk1-204,retained_intron,18.144514,200.11912700000002,9.066856462950689
pMIG_Cl13_TermEx_2,pMIG_Cl13_TermExhausted,ENSMUST00000204694,Klrk1-206,retained_intron,3.24348,200.11912700000002,1.620774609915223
pMIG_Cl13_TermEx_3,pMIG_Cl13_TermExhausted,ENSMUST00000032252,Klrk1-201,protein_coding,70.914925,185.011024,38.33010783184466
pMIG_Cl13_TermEx_3,pMIG_Cl13_TermExhausted,ENSMUST00000095412,Klrk1-202,protein_coding,36.237424,185.011024,19.58662960537962
pMIG_Cl13_TermEx_3,pMIG_Cl13_TermExhausted,ENSMUST00000168919,Klrk1-205,protein_coding,54.112287,185.011024,29.24814199179829
pMIG_Cl13_TermEx_3,pMIG_Cl13_TermExhausted,ENSMUST00000137660,Klrk1-203,retained_intron,0.0,185.011024,0.0
pMIG_Cl13_TermEx_3,pMIG_Cl13_TermExhausted,ENSMUST00000152256,Klrk1-204,retained_intron,19.504819,185.011024,10.542517185354319
pMIG_Cl13_TermEx_3,pMIG_Cl13_TermExhausted,ENSMUST00000204694,Klrk1-206,retained_intron,4.241569,185.011024,2.2926033856231185
Arm_D4.5_EarlyEff_1,Arm_D4.5_EarlyEffector,ENSMUST00000032252,Klrk1-201,protein_coding,87.948979,140.17473999999999,62.742387822513535
Arm_D4.5_EarlyEff_1,Arm_D4.5_EarlyEffector,ENSMUST00000095412,Klrk1-202,protein_coding,24.325912,140.17473999999999,17.353991168451607
Arm_D4.5_EarlyEff_1,Arm_D4.5_EarlyEffector,ENSMUST00000168919,Klrk1-205,protein_coding,20.424957,140.17473999999999,14.571068225273685
Arm_D4.5_EarlyEff_1,Arm_D4.5_EarlyEffector,ENSMUST00000137660,Klrk1-203,retained_intron,0.0,140.17473999999999,0.0
Arm_D4.5_EarlyEff_1,Arm_D4.5_EarlyEffector,ENSMUST00000152256,Klrk1-204,retained_intron,5.733029,140.17473999999999,4.089915914950155
Arm_D4.5_EarlyEff_1,Arm_D4.5_EarlyEffector,ENSMUST00000204694,Klrk1-206,retained_intron,1.741863,140.17473999999999,1.2426368688110285
Arm_D4.5_EarlyEff_2,Arm_D4.5_EarlyEffector,ENSMUST00000032252,Klrk1-201,protein_coding,97.832465,139.184869,70.28958370467699
Arm_D4.5_EarlyEff_2,Arm_D4.5_EarlyEffector,ENSMUST00000095412,Klrk1-202,protein_coding,11.320731,139.184869,8.133593170964582
Arm_D4.5_EarlyEff_2,Arm_D4.5_EarlyEffector,ENSMUST00000168919,Klrk1-205,protein_coding,21.012617,139.184869,15.096911863314682
Arm_D4.5_EarlyEff_2,Arm_D4.5_EarlyEffector,ENSMUST00000137660,Klrk1-203,retained_intron,0.0,139.184869,0.0
Arm_D4.5_EarlyEff_2,Arm_D4.5_EarlyEffector,ENSMUST00000152256,Klrk1-204,retained_intron,7.636231,139.184869,5.486394501689692
Arm_D4.5_EarlyEff_2,Arm_D4.5_EarlyEffector,ENSMUST00000204694,Klrk1-206,retained_intron,1.382825,139.184869,0.9935167593540646
Arm_D4.5_EarlyEff_3,Arm_D4.5_EarlyEffector,ENSMUST00000032252,Klrk1-201,protein_coding,83.595676,149.36972,55.96561070074979
Arm_D4.5_EarlyEff_3,Arm_D4.5_EarlyEffector,ENSMUST00000095412,Klrk1-202,protein_coding,35.395751,149.36972,23.6967378662824
Arm_D4.5_EarlyEff_3,Arm_D4.5_EarlyEffector,ENSMUST00000168919,Klrk1-205,protein_coding,20.443295,149.36972,13.686371642123984
Arm_D4.5_EarlyEff_3,Arm_D4.5_EarlyEffector,ENSMUST00000137660,Klrk1-203,retained_intron,0.0,149.36972,0.0
Arm_D4.5_EarlyEff_3,Arm_D4.5_EarlyEffector,ENSMUST00000152256,Klrk1-204,retained_intron,8.102869,149.36972,5.424706560339003
Arm_D4.5_EarlyEff_3,Arm_D4.5_EarlyEffector,ENSMUST00000204694,Klrk1-206,retained_intron,1.832129,149.36972,1.2265732305048171
Arm_D7_SLEC_1,Arm_D7_SLEC,ENSMUST00000032252,Klrk1-201,protein_coding,161.412251,285.336217,56.569142430314066
Arm_D7_SLEC_1,Arm_D7_SLEC,ENSMUST00000095412,Klrk1-202,protein_coding,0.0,285.336217,0.0
Arm_D7_SLEC_1,Arm_D7_SLEC,ENSMUST00000168919,Klrk1-205,protein_coding,68.013488,285.336217,23.836261907124115
Arm_D7_SLEC_1,Arm_D7_SLEC,ENSMUST00000137660,Klrk1-203,retained_intron,24.631512,285.336217,8.63245201011409
Arm_D7_SLEC_1,Arm_D7_SLEC,ENSMUST00000152256,Klrk1-204,retained_intron,27.937546,285.336217,9.791097076190649
Arm_D7_SLEC_1,Arm_D7_SLEC,ENSMUST00000204694,Klrk1-206,retained_intron,3.34142,285.336217,1.1710465762570896
Arm_D7_SLEC_2,Arm_D7_SLEC,ENSMUST00000032252,Klrk1-201,protein_coding,171.854005,292.267351,58.800274615689105
Arm_D7_SLEC_2,Arm_D7_SLEC,ENSMUST00000095412,Klrk1-202,protein_coding,0.0,292.267351,0.0
Arm_D7_SLEC_2,Arm_D7_SLEC,ENSMUST00000168919,Klrk1-205,protein_coding,73.478085,292.267351,25.140709267933246
Arm_D7_SLEC_2,Arm_D7_SLEC,ENSMUST00000137660,Klrk1-203,retained_intron,16.670675,292.267351,5.703912853406605
Arm_D7_SLEC_2,Arm_D7_SLEC,ENSMUST00000152256,Klrk1-204,retained_intron,27.305835,292.267351,9.342759260167927
Arm_D7_SLEC_2,Arm_D7_SLEC,ENSMUST00000204694,Klrk1-206,retained_intron,2.958751,292.267351,1.0123440028031048
Arm_D7_SLEC_3,Arm_D7_SLEC,ENSMUST00000032252,Klrk1-201,protein_coding,147.557754,255.182724,57.82435099329059
Arm_D7_SLEC_3,Arm_D7_SLEC,ENSMUST00000095412,Klrk1-202,protein_coding,0.0,255.182724,0.0
Arm_D7_SLEC_3,Arm_D7_SLEC,ENSMUST00000168919,Klrk1-205,protein_coding,63.343504,255.182724,24.822802659634593
Arm_D7_SLEC_3,Arm_D7_SLEC,ENSMUST00000137660,Klrk1-203,retained_intron,17.104945,255.182724,6.70301842220322
Arm_D7_SLEC_3,Arm_D7_SLEC,ENSMUST00000152256,Klrk1-204,retained_intron,25.090347,255.182724,9.832306281047458
Arm_D7_SLEC_3,Arm_D7_SLEC,ENSMUST00000204694,Klrk1-206,retained_intron,2.086174,255.182724,0.817521643824133
Arm_D7_MPEC_1,Arm_D7_MPEC,ENSMUST00000032252,Klrk1-201,protein_coding,151.188764,260.345588,58.072335760112814
Arm_D7_MPEC_1,Arm_D7_MPEC,ENSMUST00000095412,Klrk1-202,protein_coding,0.0,260.345588,0.0
Arm_D7_MPEC_1,Arm_D7_MPEC,ENSMUST00000168919,Klrk1-205,protein_coding,63.190787,260.345588,24.271887027330763
Arm_D7_MPEC_1,Arm_D7_MPEC,ENSMUST00000137660,Klrk1-203,retained_intron,16.211486,260.345588,6.226910209824642
Arm_D7_MPEC_1,Arm_D7_MPEC,ENSMUST00000152256,Klrk1-204,retained_intron,27.120774,260.345588,10.417220513834865
Arm_D7_MPEC_1,Arm_D7_MPEC,ENSMUST00000204694,Klrk1-206,retained_intron,2.633777,260.345588,1.0116464888969041
Arm_D7_MPEC_2,Arm_D7_MPEC,ENSMUST00000032252,Klrk1-201,protein_coding,140.52334,256.227936,54.843098763438505
Arm_D7_MPEC_2,Arm_D7_MPEC,ENSMUST00000095412,Klrk1-202,protein_coding,0.0,256.227936,0.0
Arm_D7_MPEC_2,Arm_D7_MPEC,ENSMUST00000168919,Klrk1-205,protein_coding,66.852382,256.227936,26.09098096157634
Arm_D7_MPEC_2,Arm_D7_MPEC,ENSMUST00000137660,Klrk1-203,retained_intron,20.151317,256.227936,7.8646057547760915
Arm_D7_MPEC_2,Arm_D7_MPEC,ENSMUST00000152256,Klrk1-204,retained_intron,25.999398,256.227936,10.14698022623107
Arm_D7_MPEC_2,Arm_D7_MPEC,ENSMUST00000204694,Klrk1-206,retained_intron,2.701499,256.227936,1.0543342939779994
Arm_D7_MPEC_3,Arm_D7_MPEC,ENSMUST00000032252,Klrk1-201,protein_coding,130.740227,228.002044,57.341690761333695
Arm_D7_MPEC_3,Arm_D7_MPEC,ENSMUST00000095412,Klrk1-202,protein_coding,0.0,228.002044,0.0
Arm_D7_MPEC_3,Arm_D7_MPEC,ENSMUST00000168919,Klrk1-205,protein_coding,58.835234,228.002044,25.804695856147674
Arm_D7_MPEC_3,Arm_D7_MPEC,ENSMUST00000137660,Klrk1-203,retained_intron,12.135287,228.002044,5.322446582978879
Arm_D7_MPEC_3,Arm_D7_MPEC,ENSMUST00000152256,Klrk1-204,retained_intron,23.93942,228.002044,10.49965148558054
Arm_D7_MPEC_3,Arm_D7_MPEC,ENSMUST00000204694,Klrk1-206,retained_intron,2.351876,228.002044,1.0315153139592028
Cl13_D7_TermEx_1,Cl13_D7_TermExhausted,ENSMUST00000032252,Klrk1-201,protein_coding,93.281699,170.599268,54.67883895023512
Cl13_D7_TermEx_1,Cl13_D7_TermExhausted,ENSMUST00000095412,Klrk1-202,protein_coding,0.0,170.599268,0.0
Cl13_D7_TermEx_1,Cl13_D7_TermExhausted,ENSMUST00000168919,Klrk1-205,protein_coding,53.679244,170.599268,31.46510804489501
Cl13_D7_TermEx_1,Cl13_D7_TermExhausted,ENSMUST00000137660,Klrk1-203,retained_intron,6.444623,170.599268,3.777638131483659
Cl13_D7_TermEx_1,Cl13_D7_TermExhausted,ENSMUST00000152256,Klrk1-204,retained_intron,13.566101,170.599268,7.952027672240656
Cl13_D7_TermEx_1,Cl13_D7_TermExhausted,ENSMUST00000204694,Klrk1-206,retained_intron,3.627601,170.599268,2.1263872011455525
Cl13_D7_TermEx_2,Cl13_D7_TermExhausted,ENSMUST00000032252,Klrk1-201,protein_coding,30.891701,78.038104,39.58540689302241
Cl13_D7_TermEx_2,Cl13_D7_TermExhausted,ENSMUST00000095412,Klrk1-202,protein_coding,8.484021,78.038104,10.87163906493679
Cl13_D7_TermEx_2,Cl13_D7_TermExhausted,ENSMUST00000168919,Klrk1-205,protein_coding,28.690665,78.038104,36.764943699811056
Cl13_D7_TermEx_2,Cl13_D7_TermExhausted,ENSMUST00000137660,Klrk1-203,retained_intron,0.0,78.038104,0.0
Cl13_D7_TermEx_2,Cl13_D7_TermExhausted,ENSMUST00000152256,Klrk1-204,retained_intron,7.389342,78.038104,9.468889710595736
Cl13_D7_TermEx_2,Cl13_D7_TermExhausted,ENSMUST00000204694,Klrk1-206,retained_intron,2.582375,78.038104,3.309120631634002
Cl13_D7_Prog_1,Cl13_D7_Progenitor,ENSMUST00000032252,Klrk1-201,protein_coding,28.496061,55.900774,50.97614748590065
Cl13_D7_Prog_1,Cl13_D7_Progenitor,ENSMUST00000095412,Klrk1-202,protein_coding,0.0,55.900774,0.0
Cl13_D7_Prog_1,Cl13_D7_Progenitor,ENSMUST00000168919,Klrk1-205,protein_coding,20.96329,55.900774,37.50089399477724
Cl13_D7_Prog_1,Cl13_D7_Progenitor,ENSMUST00000137660,Klrk1-203,retained_intron,0.0,55.900774,0.0
Cl13_D7_Prog_1,Cl13_D7_Progenitor,ENSMUST00000152256,Klrk1-204,retained_intron,4.650108,55.900774,8.318503783149765
Cl13_D7_Prog_1,Cl13_D7_Progenitor,ENSMUST00000204694,Klrk1-206,retained_intron,1.791315,55.900774,3.204454736172347
Cl13_D7_Prog_2,Cl13_D7_Progenitor,ENSMUST00000032252,Klrk1-201,protein_coding,81.954252,151.029171,54.263856086451014
Cl13_D7_Prog_2,Cl13_D7_Progenitor,ENSMUST00000095412,Klrk1-202,protein_coding,0.0,151.029171,0.0
Cl13_D7_Prog_2,Cl13_D7_Progenitor,ENSMUST00000168919,Klrk1-205,protein_coding,47.578099,151.029171,31.502588993221714
Cl13_D7_Prog_2,Cl13_D7_Progenitor,ENSMUST00000137660,Klrk1-203,retained_intron,5.305899,151.029171,3.513161705694591
Cl13_D7_Prog_2,Cl13_D7_Progenitor,ENSMUST00000152256,Klrk1-204,retained_intron,13.170651,151.029171,8.72060073745621
Cl13_D7_Prog_2,Cl13_D7_Progenitor,ENSMUST00000204694,Klrk1-206,retained_intron,3.02027,151.029171,1.9997924771764788
